{"mean":{"confidence_interval":{"confidence_level":0.95,"lower_bound":3.5942518239440306,"upper_bound":3.705537431561256},"point_estimate":3.648241805005356,"standard_error":0.027545874415232582},"median":{"confidence_interval":{"confidence_level":0.95,"lower_bound":3.5465201473581898,"upper_bound":3.611659976966049},"point_estimate":3.5736687117264587,"standard_error":0.016331173403957483}}