{"mean":{"confidence_interval":{"confidence_level":0.95,"lower_bound":1108902599.8665001,"upper_bound":1132371178.39},"point_estimate":1119884201.27,"standard_error":6007654.022619107},"median":{"confidence_interval":{"confidence_level":0.95,"lower_bound":1098698000.5,"upper_bound":1106568459.0},"point_estimate":1102056062.5,"standard_error":2336189.9063339517},"median_abs_dev":{"confidence_interval":{"confidence_level":0.95,"lower_bound":14582112.782415748,"upper_bound":30994894.79303062},"point_estimate":19738872.737064958,"standard_error":4419491.243267356},"slope":null,"std_dev":{"confidence_interval":{"confidence_level":0.95,"lower_bound":41886600.62950342,"upper_bound":75617846.25168969},"point_estimate":60302960.446762174,"standard_error":8608502.50598565}}